{
	"class_name" : "PinholeCameraParameters",
	"extrinsic" : 
	[
		0.28180683464586209,
		-0.21754872670899048,
		0.9344824554020138,
		0.0,
		-0.8909790922376154,
		-0.42071680062694133,
		0.17074434358322232,
		0.0,
		0.35600725433945118,
		-0.88072125282493752,
		-0.31239223690763795,
		0.0,
		1.0132570084537433,
		0.31282113256471666,
		4.662010097268146,
		1.0
	],
	"intrinsic" : 
	{
		"height" : 768,
		"intrinsic_matrix" : 
		[
			665.1075101064489,
			0.0,
			0.0,
			0.0,
			665.1075101064489,
			0.0,
			511.5,
			383.5,
			1.0
		],
		"width" : 1024
	},
	"version_major" : 1,
	"version_minor" : 0
}